header,name,url,time_accessed,is_pdf
CDC Guidance,Centers for Disease Control and Prevention (CDC) COVID-19,https://www.cdc.gov/coronavirus/2019-ncov/index.html,1584767465,False
What the U.S. Government is Doing,"Government Response to Coronavirus, COVID-19",https://www.usa.gov/coronavirus,1584767465,False
Medicaid and CHIP Resources,COVID-19 FAQs for State Medicaid and CHIP Agencies,https://www.medicaid.gov/state-resource-center/downloads/covid-19-faqs.pdf,1584767465,True
Medicaid and CHIP Resources,COVID-19 Emergency Declaration Health Care Providers Fact Sheet,https://www.cms.gov/files/document/covid19-emergency-declaration-health-care-providers-fact-sheet.pdf,1584767465,False
Medicaid and CHIP Resources,CMS Section 1135 Waiver Approvals,/state-resource-center/disaster-response-toolkit/federal-disaster-resources/index.html,1584767465,False
Medicaid and CHIP Resources,CMS Section 1135 Waiver Flexibilities,/state-resource-center/disaster-response-toolkit/cms-1135-waivers/index.html,1584767465,False
Medicaid and CHIP Resources,Home and Community-Based Section 1915(c) Waiver Information,https://www.medicaid.gov/medicaid/home-community-based-services/home-community-based-services-authorities/home-community-based-services-1915c/index.html,1584767465,False
Medicaid and CHIP Resources,Fact Sheet: Coverage and Benefits Related to COVID-19 Medicaid and CHIP,https://www.cms.gov/files/document/03052020-medicaid-covid-19-fact-sheet.pdf,1584767465,False
Medicaid and CHIP Resources,Disaster Preparedness Toolkit for State Medicaid Agencies,https://www.medicaid.gov/state-resource-center/downloads/mac-learning-collaboratives/medicaid-chip-disastertoolkit.pdf,1584767465,True
Medicaid and CHIP Resources,Inventory of Medicaid and CHIP Flexibilities and Authorities in the Event of a Disaster,https://www.medicaid.gov/state-resource-center/downloads/mac-learning-collaboratives/medicaid-chip-inventory.pdf,1584767465,True
Medicaid and CHIP Resources,Medicaid Telehealth,https://www.medicaid.gov/medicaid/benefits/telemedicine/index.html,1584767465,False
Medicaid and CHIP Resources,Finding Medicaid Coverage for Eligible Children,https://www.insurekidsnow.gov/,1584767465,False
Medicaid and CHIP Resources,"CMS HPMS Memo to All Medicare Advantage Organizations, Part D Sponsors, and Medicare-Medicaid Plans: Information Related to Coronavirus Disease 2019 - COVID-19",https://www.cms.gov/files/document/hpms-memo-covid-information-plans.pdf,1584767465,False
Additional CMS Guidance,Centers for Medicare & Medicaid Services Emergency Preparedness and Response Operations (EPRO): Current Emergencies,https://www.cms.gov/About-CMS/Agency-Information/Emergency/EPRO/Current-Emergencies/Current-Emergencies-page,1584767465,False
Clinical and Technical Guidance:,CMS Adult Elective Surgery and Procedures Recommendations,https://www.cms.gov/files/document/31820-cms-adult-elective-surgery-and-procedures-recommendations.pdf,1584767465,False
Clinical and Technical Guidance:,Guidance for Infection Control and Prevention of Coronavirus Disease 2019 (COVID-19) in Nursing Homes-REVISED,https://www.cms.gov/files/document/3-13-2020-nursing-home-guidance-covid-19.pdf,1584767465,False
Clinical and Technical Guidance:,COVID-19 Emergency Declaration Health Care Providers Fact Sheet,https://www.cms.gov/files/document/covid19-emergency-declaration-health-care-providers-fact-sheet.pdf,1584767465,False
Clinical and Technical Guidance:,Guidance for Infection Control and Prevention of Coronavirus Disease 2019 (COVID-19) in dialysis facilities,https://www.cms.gov/medicareprovider-enrollment-and-certificationsurveycertificationgeninfopolicy-and/guidance-infection-control-and-prevention-coronavirus-disease-2019-covid-19-dialysis-facilities,1584767465,False
Clinical and Technical Guidance:,Guidance for Infection Control and Prevention Concerning Coronavirus Disease 2019 (COVID-19) in Home Health Agencies (HHAs),https://www.cms.gov/medicareprovider-enrollment-and-certificationsurveycertificationgeninfopolicy-and/guidance-infection-control-and-prevention-concerning-coronavirus-disease-2019-covid-19-home-health,1584767465,False
Clinical and Technical Guidance:,Guidance for use of Certain Industrial Respirators by Health Care Personnel,https://www.cms.gov/medicareprovider-enrollment-and-certificationsurveycertificationgeninfopolicy-and/guidance-use-certain-industrial-respirators-health-care-personnel,1584767465,False
Clinical and Technical Guidance:,Guidance for Infection Control and Prevention of Coronavirus Disease 2019 (COVID-19) in nursing homes,https://www.cms.gov/medicareprovider-enrollment-and-certificationsurveycertificationgeninfopolicy-and/guidance-infection-control-and-prevention-coronavirus-disease-2019-covid-19-nursing-homes-revised,1584767465,False
Clinical and Technical Guidance:,Guidance for Infection Control and Prevention Concerning Coronavirus Disease 2019 (COVID-19) by Hospice Agencies,https://www.cms.gov/medicareprovider-enrollment-and-certificationsurveycertificationgeninfopolicy-and/guidance-infection-control-and-prevention-concerning-coronavirus-disease-2019-covid-19-hospice,1584767465,False
Clinical and Technical Guidance:,"Guidance for Infection Control and Prevention Concerning Coronavirus Disease (COVID-19): FAQs and Considerations for Patient Triage, Placement and Hospital Discharge",https://lnks.gd/l/eyJhbGciOiJIUzI1NiJ9.eyJidWxsZXRpbl9saW5rX2lkIjoxMDEsInVyaSI6ImJwMjpjbGljayIsImJ1bGxldGluX2lkIjoiMjAyMDAzMDUuMTgyMzc0OTEiLCJ1cmwiOiJodHRwczovL2xua3MuZ2QvbC9leUpoYkdjaU9pSklVekkxTmlKOS5leUppZFd4c1pYUnBibDlzYVc1clgybGtJam94TURJc0luVnlhU0k2SW1Kd01qcGpiR2xqYXlJc0ltSjFiR3hsZEdsdVgybGtJam9pTWpBeU1EQXpNRFF1TVRneE9UZzRNekVpTENKMWNtd2lPaUpvZEhSd2N6b3ZMM2QzZHk1amJYTXVaMjkyTDIxbFpHbGpZWEpsY0hKdmRtbGtaWEl0Wlc1eWIyeHNiV1Z1ZEMxaGJtUXRZMlZ5ZEdsbWFXTmhkR2x2Ym5OMWNuWmxlV05sY25ScFptbGpZWFJwYjI1blpXNXBibVp2Y0c5c2FXTjVMV0Z1WkM5bmRXbGtZVzVqWlMxcGJtWmxZM1JwYjI0dFkyOXVkSEp2YkMxaGJtUXRjSEpsZG1WdWRHbHZiaTFqYjI1alpYSnVhVzVuTFdOdmNtOXVZWFpwY25WekxXUnBjMlZoYzJVdFkyOTJhV1F0TVRrdFptRnhjeTFoYm1RaWZRLmVQY1NoOXdfajFFbFBfbGV2Ym05d1pmOUNPeFItWDJTbnotaXlzUEhacjAvYnIvNzU2ODUzOTU3NjEtbCJ9.E4SdgYed6ZyEl-ZprwZmYJRbxvIeaiBnv8m3dw3q2mQ/br/75724596111-l,1584767465,False
Clinical and Technical Guidance:,Emergency Medical Treatment and Labor Act (EMTALA) Requirements and Implications Related to Coronavirus Disease 2019 (COVID-19) ,https://www.cms.gov/medicareprovider-enrollment-and-certificationsurveycertificationgeninfopolicy-and/emergency-medical-treatment-and-labor-act-emtala-requirements-and-implications-related-coronavirus,1584767465,False
Clinical and Technical Guidance:,Information for Healthcare Facilities Concerning 2019 Novel Coronavirus Illness (2019-nCoV),https://www.cms.gov/medicareprovider-enrollment-and-certificationsurveycertificationgeninfopolicy-and-memos-states-and/information-healthcare-facilities-concerning-2019-novel-coronavirus-illness-2019-ncov,1584767465,False
Clinical and Technical Guidance:,Notification to Surveyors of the Authorization for Emergency Use of the CDC 2019-Novel Coronavirus (2019-nCoV) Real-Time RT-PCR Diagnostic Panel Assay and Guidance for Authorized Laboratories,https://www.cms.gov/medicareprovider-enrollment-and-certificationsurveycertificationgeninfopolicy-and-memos-states-and/notification-surveyors-authorization-emergency-use-cdc-2019-novel-coronavirus-2019-ncov-real-time-rt,1584767465,False
Clinical and Technical Guidance:,Guidance for PACE Organizations Regarding Infection Control and Prevention of Coronavirus Disease 2019 (COVID-19),https://www.cms.gov/files/document/covid-19-pace-memo-3-17-20.pdf,1584767465,False
Billing and Coding Guidance:,Fact sheet: Medicare Telemedicine Healthcare Provider Fact Sheet,https://www.cms.gov/newsroom/fact-sheets/medicare-telemedicine-health-care-provider-fact-sheet,1584767465,False
Billing and Coding Guidance:,Medicare Telehealth Frequently Asked Questions,https://www.cms.gov/files/document/medicare-telehealth-frequently-asked-questions-faqs-31720.pdf,1584767465,False
Billing and Coding Guidance:,MLN Matters article: Medicare Fee-for-Service (FFS) Response to the Public Health Emergency on the Coronavirus,https://www.cms.gov/files/document/se20011.pdf,1584767465,False
Billing and Coding Guidance:,Medicaid State Plan Fee-for-Service Payments for Services Delivered Via Telehealth,https://www.medicaid.gov/medicaid/benefits/downloads/medicaid-telehealth-services.pdf,1584767465,False
Billing and Coding Guidance:,Frequently asked questions about Medicare fee-for-service emergency-related policies and procedures with an 1135 waiver,https://www.cms.gov/About-CMS/Agency-Information/Emergency/Downloads/MedicareFFS-EmergencyQsAs1135Waiver.pdf,1584767465,False
Billing and Coding Guidance:,Frequently asked questions about Medicare fee-for-service emergency-related policies and procedures without an 1135 waiver,https://www.cms.gov/About-CMS/Agency-Information/Emergency/Downloads/Consolidated_Medicare_FFS_Emergency_QsAs.pdf,1584767465,False
Billing and Coding Guidance:,Frequently Asked Questions to Assist Medicare Providers,https://www.cms.gov/files/document/03092020-covid-19-faqs-508.pdf,1584767465,False
Billing and Coding Guidance:,Fact sheet: Medicare Coverage and Payment Related to COVID-19,https://www.cms.gov/files/document/03052020-medicare-covid-19-fact-sheet.pdf,1584767465,False
Billing and Coding Guidance:,Fact sheet: Medicaid and CHIP Coverage and Payment Related to COViD-19,https://www.cms.gov/files/document/03052020-medicaid-covid-19-fact-sheet.pdf,1584767465,False
Billing and Coding Guidance:,COVID-19: New ICD-10-CM Code and Interim Coding Guidance,https://www.cms.gov/outreach-and-educationoutreachffsprovpartprogprovider-partnership-email-archive/2020-02-27#_Toc33530673,1584767465,False
Survey and Certification Guidance:,Frequently Asked Questions for State Survey Agency and Accrediting Organization Coronavirus Disease 2019 (COVID-19),https://www.cms.gov/files/document/covid19survey-activity-suspension-faqs.pdf,1584767465,False
Survey and Certification Guidance:,Suspension of Survey Activities,https://lnks.gd/l/eyJhbGciOiJIUzI1NiJ9.eyJidWxsZXRpbl9saW5rX2lkIjoxMDAsInVyaSI6ImJwMjpjbGljayIsImJ1bGxldGluX2lkIjoiMjAyMDAzMDUuMTgyMzc0OTEiLCJ1cmwiOiJodHRwczovL2xua3MuZ2QvbC9leUpoYkdjaU9pSklVekkxTmlKOS5leUppZFd4c1pYUnBibDlzYVc1clgybGtJam94TURFc0luVnlhU0k2SW1Kd01qcGpiR2xqYXlJc0ltSjFiR3hsZEdsdVgybGtJam9pTWpBeU1EQXpNRFF1TVRneE9UZzRNekVpTENKMWNtd2lPaUpvZEhSd2N6b3ZMM2QzZHk1amJYTXVaMjkyTDIxbFpHbGpZWEpsY0hKdmRtbGtaWEl0Wlc1eWIyeHNiV1Z1ZEMxaGJtUXRZMlZ5ZEdsbWFXTmhkR2x2Ym5OMWNuWmxlV05sY25ScFptbGpZWFJwYjI1blpXNXBibVp2Y0c5c2FXTjVMV0Z1WkM5emRYTndaVzV6YVc5dUxYTjFjblpsZVMxaFkzUnBkbWwwYVdWekluMC5jeC1Wd0c2OC1RcVBTVWFLQlpsNW9sV2VRWWRzemxidkx0a1dSZ0hoUlpRL2JyLzc1Njg1Mzk1NzYxLWwifQ.gF2wOKIxWbALRrXn3cj-CZT_3jVjHHJ0k3ZRfdxlRyY/br/75724596111-l,1584767465,False
Medicare and Other Coverage Guidance:,FAQs on Catastrophic Plan Coverage and the Coronavirus Disease 2019 (COVID-19),https://www.cms.gov/CCIIO/Resources/Files/Catastrophic-Coverage-of-COVID-19.pdf,1584767465,False
Medicare and Other Coverage Guidance:,Medicare Telemedicine Healthcare Provider Fact Sheet,https://www.cms.gov/newsroom/fact-sheets/medicare-telemedicine-health-care-provider-fact-sheet,1584767465,False
Medicare and Other Coverage Guidance:,Medicare Telehealth Frequently Asked Questions,https://www.cms.gov/files/document/medicare-telehealth-frequently-asked-questions-faqs-31720.pdf,1584767465,False
Medicare and Other Coverage Guidance:,Medicare Administrative Contractor (MAC) COVID-19 Test Pricing,https://www.cms.gov/files/document/mac-covid-19-test-pricing.pdf,1584767465,False
Medicare and Other Coverage Guidance:,Frequently Asked Questions to Assist Medicare Providers,https://www.cms.gov/files/document/03092020-covid-19-faqs-508.pdf,1584767465,False
Medicare and Other Coverage Guidance:,Fact sheet: Medicare Coverage and Payment Related to COVID-19,https://www.cms.gov/files/document/03052020-medicare-covid-19-fact-sheet.pdf,1584767465,False
Medicare and Other Coverage Guidance:,"CMS HPMS Memo to All Medicare Advantage Organizations, Part D Sponsors, and Medicare-Medicaid Plans: Information Related to Coronavirus Disease 2019 - COVID-19 ",https://www.cms.gov/files/document/hpms-memo-covid-information-plans.pdf,1584767465,False
Medicare and Other Coverage Guidance:,Fact sheet: Individual and Small Group Market Insurance Coverage,https://www.cms.gov/files/document/03052020-individual-small-market-covid-19-fact-sheet.pdf,1584767465,False
Medicare and Other Coverage Guidance:,FAQs on Essential Health Benefit Coverage and the Coronavirus (COVID-19),https://www.cms.gov/CCIIO/Resources/Fact-Sheets-and-FAQs/Downloads/EHB-Benchmark-Coverage-of-COVID-19.pdf,1584767465,False
CMS Stakeholder Calls (Including Medicaid and CHIP All-State Calls):,Open Door Forum Stakeholder Call podcasts & transcripts,https://www.cms.gov/Outreach-and-Education/Outreach/OpenDoorForums/PodcastAndTranscripts,1584767465,False
Press Releases,CMS Issues Frequently Asked Questions on Catastrophic Health Coverage and the Coronavirus,https://www.cms.gov/newsroom/press-releases/covid-19-response-news-alert-cms-issues-frequently-asked-questions-catastrophic-health-coverage-and,1584767465,False
Press Releases,"CMS Releases Recommendations on Adult Elective Surgeries, Non-Essential Medical, Surgical, and Dental Procedures During COVID-19 Response",https://www.cms.gov/newsroom/press-releases/cms-releases-recommendations-adult-elective-surgeries-non-essential-medical-surgical-and-dental,1584767465,False
Press Releases,CMS Frequently Asked Questions (FAQs) for State Medicaid and Children's Health Insurance Program (CHIP) Agencies,https://www.cms.gov/newsroom/press-releases/covid-19-response-news-alert-cms-frequently-asked-questions-faqs-state-medicaid-and-childrens-health,1584767465,False
Press Releases,CMS Sends Guidance to Programs of All-Inclusive Care for the Elderly (PACE) Organizations,https://www.cms.gov/newsroom/press-releases/cms-sends-guidance-programs-all-inclusive-care-elderly-pace-organizations,1584767465,False
Press Releases,Press Release: President Trump Expands Telehealth Benefits for Medicare Beneficiaries During COVID-19 Outbreak,https://www.cms.gov/newsroom/press-releases/president-trump-expands-telehealth-benefits-medicare-beneficiaries-during-covid-19-outbreak,1584767465,False
Press Releases,Press Release: CMS Approves First State Request for 1135 Medicaid Waiver in Florida,https://www.cms.gov/newsroom/press-releases/cms-approves-first-state-request-1135-medicaid-waiver-florida,1584767465,False
Press Releases,Press Release: CMS Announces New Measures to Protect Nursing Home Residents from COVID-19,https://www.cms.gov/newsroom/press-releases/cms-announces-new-measures-protect-nursing-home-residents-covid-19,1584767465,False
Press Releases,Press Release: Emergency Declaration Press Call Remarks by CMS Administrator Seema Verma,https://www.cms.gov/newsroom/press-releases/emergency-declaration-press-call-remarks-cms-administrator-seema-verma,1584767465,False
Press Releases,Press Release: CMS Takes Action Nationwide to Aggressively Respond to Coronavirus National Emergency ,https://www.cms.gov/newsroom/press-releases/cms-takes-action-nationwide-aggressively-respond-coronavirus-national-emergency,1584767465,False
Press Releases,"Press Release: CMS Publishes FAQs to Ensure Individuals, Issuers and States have Clear Information on Coverage Benefits for COVID-19",https://www.cms.gov/newsroom/press-releases/cms-publishes-faqs-ensure-individuals-issuers-and-states-have-clear-information-coverage-benefits,1584767465,False
Press Releases,Press Release: CMS Publishes First Set of COVID-19 Frequently Asked Questions (FAQs) for State Medicaid and Children’s Health Insurance Program (CHIP) Agencies,https://www.cms.gov/newsroom/press-releases/cms-publishes-first-set-covid-19-frequently-asked-questions-faqs-state-medicaid-and-childrens-health,1584767465,False
Press Releases,Press Release: CMS Issues Guidance to help Medicare Advantage and Part D Plans Respond to COVID-19,https://www.cms.gov/newsroom/press-releases/cms-issues-guidance-help-medicare-advantage-and-part-d-plans-respond-covid-19,1584767465,False
Press Releases,Press Release: CMS Issues Key Protective Mask Guidance for Healthcare Workers,https://www.cms.gov/newsroom/press-releases/covid-19-response-news-alert-cms-issues-key-protective-mask-guidance-healthcare-workers,1584767465,False
Press Releases,Press Release: CMS Sends More Detailed Guidance to Providers about COVID-19,https://www.cms.gov/newsroom/press-releases/cms-sends-more-detailed-guidance-providers-about-covid-19,1584767465,False
Press Releases,Press Release: CMS Issues Frequently Asked Questions on Guidance to State Survey Agencies Suspending Non-Emergency Survey Inspections,https://www.cms.gov/newsroom/press-releases/covid-19-response-news-alert-cms-issues-frequently-asked-questions-guidance-state-survey-agencies,1584767465,False
Press Releases,"Press Release: CMS Issues Clear, Actionable Guidance to Providers about COVID-19 Virus",https://www.cms.gov/newsroom/press-releases/cms-issues-clear-actionable-guidance-providers-about-covid-19-virus,1584767465,False
Press Releases,Press Release: Telehealth Benefits in Medicare are a Lifeline for Patients During Coronavirus Outbreak,https://www.cms.gov/newsroom/press-releases/telehealth-benefits-medicare-are-lifeline-patients-during-coronavirus-outbreak,1584767465,False
Press Releases,Press Release: CMS Issues Call to Action for Hospital Emergency Departments to Screen Patients for Coronavirus ,https://www.cms.gov/newsroom/press-releases/cms-issues-call-action-hospital-emergency-departments-screen-patients-coronavirus,1584767465,False
Press Releases,Press Release: CMS Issues Frequently Asked Questions to Assist Medicare Providers,https://www.cms.gov/newsroom/press-releases/covid-19-response-news-alert-cms-issues-frequently-asked-questions-assist-medicare-providers,1584767465,False
Press Releases,Press Release: CMS Develops Additional Code for Coronavirus Lab Tests,https://www.cms.gov/newsroom/press-releases/cms-develops-additional-code-coronavirus-lab-tests,1584767465,False
Press Releases,Press Release: CMS Announces Actions to Address Spread of Coronavirus,https://www.cms.gov/newsroom/press-releases/cms-announces-actions-address-spread-coronavirus,1584767465,False
Press Releases,Press Release: CMS Develops New Code for Coronavirus Lab Test,https://www.cms.gov/newsroom/press-releases/public-health-news-alert-cms-develops-new-code-coronavirus-lab-test,1584767465,False
Press Releases,Press Release: CMS Prepares Nation’s Healthcare Facilities for Coronavirus Threat,https://www.cms.gov/newsroom/press-releases/cms-prepares-nations-healthcare-facilities-coronavirus-threat,1584767465,False
Press Releases,HHS Press Release: Secretary Azar Declares Public Health Emergency for United State for 2019 Novel Coronavirus,https://www.hhs.gov/about/news/2020/01/31/secretary-azar-declares-public-health-emergency-us-2019-novel-coronavirus.html,1584767465,False
