Berliner Senat|||-1279619467635208957
Berliner Senat|||-1422134418827937860
Berliner Senat|||-154669195103160964
Berliner Senat|||-1752860310901214786
Berliner Senat|||-182311048687008252
Berliner Senat|||-1877244729440012694
Berliner Senat|||-1954994834333794947
Berliner Senat|||-2024129714812099067
Berliner Senat|||-2073476917556041008
Berliner Senat|||-2191122633528730876
Berliner Senat|||-2235696159349807280
Berliner Senat|||-2278093345127645398
Berliner Senat|||-2308223960551614487
Berliner Senat|||-2590628473575284173
Berliner Senat|||-2741370926322555631
Berliner Senat|||-3317049424115625716
Berliner Senat|||-3373056333565240545
Berliner Senat|||-3373710060537967822
Berliner Senat|||-3381723863499860570
Berliner Senat|||-3464068528893790152
Berliner Senat|||-3869302541031711859
Berliner Senat|||-4300471657171390781
Berliner Senat|||-4316079999232959190
Berliner Senat|||-4487475452151837355
Berliner Senat|||-4505687169024519755
Berliner Senat|||-4512159218664439419
Berliner Senat|||-4557557039366014136
Berliner Senat|||-4571583829973431981
Berliner Senat|||-4932186240924236513
Berliner Senat|||-516231062334141700
Berliner Senat|||-5319526912534704499
Berliner Senat|||-5350487332430736096
Berliner Senat|||-5392071176067535051
Berliner Senat|||-5484802605209103879
Berliner Senat|||-5504433224796407836
Berliner Senat|||-5520218843000135306
Berliner Senat|||-5570211207060262592
Berliner Senat|||-5588700523077488995
Berliner Senat|||-5780310401123631220
Berliner Senat|||-5873705645270285380
Berliner Senat|||-6025314949181541142
Berliner Senat|||-6471593085753529244
Berliner Senat|||-6529419860146884313
Berliner Senat|||-6529419860146884313
Berliner Senat|||-6649446557873301244
Berliner Senat|||-669184479976344234
Berliner Senat|||-6946511305249800216
Berliner Senat|||-7125013089640738946
Berliner Senat|||-7471412943144135524
Berliner Senat|||-7664860526827840329
Berliner Senat|||-7678253666587692292
Berliner Senat|||-7759512127426843195
Berliner Senat|||-7773473671693297661
Berliner Senat|||-7811417485154671895
Berliner Senat|||-7849768169233983094
Berliner Senat|||-7901039021518911895
Berliner Senat|||-8019216018472936515
Berliner Senat|||-8094772437680014980
Berliner Senat|||-8221008196366109038
Berliner Senat|||-8259290922851229576
Berliner Senat|||-8290867806885846273
Berliner Senat|||-8362384058573343688
Berliner Senat|||-857313682077051047
Berliner Senat|||-8729180344421415766
Berliner Senat|||-8801601398028456422
Berliner Senat|||-8953900901821316836
Berliner Senat|||-899918570274798179
Berliner Senat|||-901608459497338292
Berliner Senat|||-9047193952816270281
Berliner Senat|||-9089932492924866467
Berliner Senat|||-9100408872565130309
Berliner Senat|||-9119854415311508491
Berliner Senat|||-918136411056562461
Berliner Senat|||-9188792080369909881
Berliner Senat|||-952006722403630395
Berliner Senat|||1005360964952422295
Berliner Senat|||1079984502012598665
Berliner Senat|||1147879193893709158
Berliner Senat|||125516535710871940
Berliner Senat|||1266075633962971795
Berliner Senat|||1432890534983325995
Berliner Senat|||1498211638939593185
Berliner Senat|||1575770987145866308
Berliner Senat|||1583517753656475574
Berliner Senat|||1771881188042516532
Berliner Senat|||1919282749164992952
Berliner Senat|||2125411002986243281
Berliner Senat|||2191258118070368709
Berliner Senat|||2201494252377730783
Berliner Senat|||2274032931136451759
Berliner Senat|||2343258501732144369
Berliner Senat|||2373853990763888093
Berliner Senat|||2381997939334921313
Berliner Senat|||2443805079637622347
Berliner Senat|||2520514996267633383
Berliner Senat|||2612787183248424409
Berliner Senat|||2680276463819280884
Berliner Senat|||2698453911946139661
Berliner Senat|||2745764599177836034
Berliner Senat|||286423960256389874
Berliner Senat|||30886289869454871
Berliner Senat|||3128237364756377612
Berliner Senat|||3174004713418991032
Berliner Senat|||3364545145035958562
Berliner Senat|||3642983039133533545
Berliner Senat|||3684813633225530045
Berliner Senat|||3872552682624097277
Berliner Senat|||4038373845137890384
Berliner Senat|||4097390640758619044
Berliner Senat|||4140708274160457048
Berliner Senat|||4249306765091285251
Berliner Senat|||4386111477290565626
Berliner Senat|||4425356340352158537
Berliner Senat|||4461592013765771568
Berliner Senat|||4544586270440088606
Berliner Senat|||4573733666190033020
Berliner Senat|||4641785195557590081
Berliner Senat|||4701455246266076529
Berliner Senat|||4755515790835223696
Berliner Senat|||4785754243833963209
Berliner Senat|||4806102959100454848
Berliner Senat|||4915495955584978230
Berliner Senat|||5157722145257195993
Berliner Senat|||521664432869896397
Berliner Senat|||5300800782467994779
Berliner Senat|||544829515081019287
Berliner Senat|||5635485454914090379
Berliner Senat|||5743493438316704792
Berliner Senat|||5883332582800920274
Berliner Senat|||5990836025375492804
Berliner Senat|||6041922066733755199
Berliner Senat|||6095829825487506425
Berliner Senat|||6128923720506690593
Berliner Senat|||6156444316772364673
Berliner Senat|||621768085455761425
Berliner Senat|||6235503548366549705
Berliner Senat|||6266832885960815506
Berliner Senat|||7002051719600871179
Berliner Senat|||7116256466375088081
Berliner Senat|||7310598577313772265
Berliner Senat|||7414525211839241397
Berliner Senat|||7536052754145109386
Berliner Senat|||7549229749437914746
Berliner Senat|||763111432715269610
Berliner Senat|||7765625928183314425
Berliner Senat|||7812980467646601729
Berliner Senat|||7909926355739877602
Berliner Senat|||795855640958749047
Berliner Senat|||8080289070620130299
Berliner Senat|||8246201334824945342
Berliner Senat|||8632839311520175334
Berliner Senat|||8685718375210619642
Berliner Senat|||8688077559004732278
Berliner Senat|||8714166104473366906
Berliner Senat|||8751754257027713802
Berliner Senat|||8958759511615991638
Berliner Senat|||98541562389072250
Berufsverband der Frauen√§rzte (BvF)|||-2391779552712981125
Berufsverband der Frauen√§rzte (BvF)|||-3111024771265950673
Berufsverband der Frauen√§rzte (BvF)|||-5385740354179083899
Berufsverband der Frauen√§rzte (BvF)|||-8582532835877100847
Berufsverband der Frauen√§rzte (BvF)|||-9103122012253657128
Berufsverband der Frauen√§rzte (BvF)|||-9175513038842817877
Berufsverband der Frauen√§rzte (BvF)|||2116311620129983523
Berufsverband der Frauen√§rzte (BvF)|||2380534557661695807
Berufsverband der Frauen√§rzte (BvF)|||2630421271459529270
Berufsverband der Frauen√§rzte (BvF)|||2839649217594706941
Berufsverband der Frauen√§rzte (BvF)|||3197725194691996227
Berufsverband der Frauen√§rzte (BvF)|||33698368718345407
Berufsverband der Frauen√§rzte (BvF)|||5161438485078702702
Berufsverband der Frauen√§rzte (BvF)|||5439421569801852407
Berufsverband der Frauen√§rzte (BvF)|||7440596126282039431
Berufsverband der Frauen√§rzte (BvF)|||7618631606037573676
Berufsverband der Frauen√§rzte (BvF)|||8029777221231873732
Berufsverband der Frauen√§rzte (BvF)|||8499431329415294468
Berufsverband der Frauen√§rzte (BvF)|||927321529259087099
Bundesagentur f√ºr Arbeit|||-1729396082997933895
Bundesagentur f√ºr Arbeit|||-1753814929323337997
Bundesagentur f√ºr Arbeit|||-1990625111873289478
Bundesagentur f√ºr Arbeit|||-2224386928614693712
Bundesagentur f√ºr Arbeit|||-2984540818174286777
Bundesagentur f√ºr Arbeit|||-3101317448598222124
Bundesagentur f√ºr Arbeit|||-3434260963179595963
Bundesagentur f√ºr Arbeit|||-3647097551247116911
Bundesagentur f√ºr Arbeit|||-3867967023607438497
Bundesagentur f√ºr Arbeit|||-4746965834635704226
Bundesagentur f√ºr Arbeit|||-8506967519527909033
Bundesagentur f√ºr Arbeit|||2721235699882263182
Bundesagentur f√ºr Arbeit|||2777374614022085782
Bundesagentur f√ºr Arbeit|||3062880513704071303
Bundesagentur f√ºr Arbeit|||3765161434635985255
Bundesagentur f√ºr Arbeit|||398334566482743232
Bundesagentur f√ºr Arbeit|||9049891806639265381
Bundesanstalt f√ºr Arbeitsschutz und Arbeitsmedizin (BAuA)|||-2566273706608055389
Bundesanstalt f√ºr Arbeitsschutz und Arbeitsmedizin (BAuA)|||-7297417361074317050
Bundesanstalt f√ºr Arbeitsschutz und Arbeitsmedizin (BAuA)|||-7446496787981718696
Bundesanstalt f√ºr Arbeitsschutz und Arbeitsmedizin (BAuA)|||-885857247454269942
Bundesanstalt f√ºr Arbeitsschutz und Arbeitsmedizin (BAuA)|||2796940775657121063
Bundesanstalt f√ºr Arbeitsschutz und Arbeitsmedizin (BAuA)|||3664265481815310424
Bundesanstalt f√ºr Arbeitsschutz und Arbeitsmedizin (BAuA)|||4650842042882656252
Bundesanstalt f√ºr Arbeitsschutz und Arbeitsmedizin (BAuA)|||6839593972371727873
Bundesministerium f√ºr Arbeit und Soziales (BMAS)|||-1225420843315299809
Bundesministerium f√ºr Arbeit und Soziales (BMAS)|||-2032455799748002902
Bundesministerium f√ºr Arbeit und Soziales (BMAS)|||-278076699562557639
Bundesministerium f√ºr Arbeit und Soziales (BMAS)|||-281223006387535441
Bundesministerium f√ºr Arbeit und Soziales (BMAS)|||-2861743208337483893
Bundesministerium f√ºr Arbeit und Soziales (BMAS)|||-3779784447955141058
Bundesministerium f√ºr Arbeit und Soziales (BMAS)|||-495448963925035817
Bundesministerium f√ºr Arbeit und Soziales (BMAS)|||-6180952641444677029
Bundesministerium f√ºr Arbeit und Soziales (BMAS)|||-6632353536895112979
Bundesministerium f√ºr Arbeit und Soziales (BMAS)|||-807849442669126854
Bundesministerium f√ºr Arbeit und Soziales (BMAS)|||-8873035078287951717
Bundesministerium f√ºr Arbeit und Soziales (BMAS)|||1316573876865558278
Bundesministerium f√ºr Arbeit und Soziales (BMAS)|||1804066167225501321
Bundesministerium f√ºr Arbeit und Soziales (BMAS)|||2708065062858347178
Bundesministerium f√ºr Arbeit und Soziales (BMAS)|||4023096551210187035
Bundesministerium f√ºr Arbeit und Soziales (BMAS)|||4079595604759729007
Bundesministerium f√ºr Arbeit und Soziales (BMAS)|||4758652064737922147
Bundesministerium f√ºr Arbeit und Soziales (BMAS)|||5362542759877172432
Bundesministerium f√ºr Arbeit und Soziales (BMAS)|||5596672341090500298
Bundesministerium f√ºr Arbeit und Soziales (BMAS)|||5813993697273299929
Bundesministerium f√ºr Arbeit und Soziales (BMAS)|||7034353816505357733
Bundesministerium f√ºr Arbeit und Soziales (BMAS)|||7090410393382376586
Bundesministerium f√ºr Arbeit und Soziales (BMAS)|||8006793112734604883
Bundesministerium f√ºr Arbeit und Soziales (BMAS)|||8043623999016522972
Bundesministerium f√ºr Arbeit und Soziales (BMAS)|||9061523824968873780
Bundesministerium f√ºr Gesundheit (BMG)|||-1070355751817736471
Bundesministerium f√ºr Gesundheit (BMG)|||-1205398606784932880
Bundesministerium f√ºr Gesundheit (BMG)|||-1515469564547751690
Bundesministerium f√ºr Gesundheit (BMG)|||-1576324810670168098
Bundesministerium f√ºr Gesundheit (BMG)|||-159825575661027957
Bundesministerium f√ºr Gesundheit (BMG)|||-1735097762018977426
Bundesministerium f√ºr Gesundheit (BMG)|||-1812139281723056154
Bundesministerium f√ºr Gesundheit (BMG)|||-1830112188502948605
Bundesministerium f√ºr Gesundheit (BMG)|||-2095777448513094493
Bundesministerium f√ºr Gesundheit (BMG)|||-2130050817546895328
Bundesministerium f√ºr Gesundheit (BMG)|||-2293508484947853015
Bundesministerium f√ºr Gesundheit (BMG)|||-2306804051675958256
Bundesministerium f√ºr Gesundheit (BMG)|||-2367546832535325617
Bundesministerium f√ºr Gesundheit (BMG)|||-2375468278035902171
Bundesministerium f√ºr Gesundheit (BMG)|||-2394728744721585184
Bundesministerium f√ºr Gesundheit (BMG)|||-2410437439826636022
Bundesministerium f√ºr Gesundheit (BMG)|||-2499709619798368465
Bundesministerium f√ºr Gesundheit (BMG)|||-2519778543535176304
Bundesministerium f√ºr Gesundheit (BMG)|||-2622849158231423981
Bundesministerium f√ºr Gesundheit (BMG)|||-2906653027900839897
Bundesministerium f√ºr Gesundheit (BMG)|||-2934869233011604014
Bundesministerium f√ºr Gesundheit (BMG)|||-3045420584446359206
Bundesministerium f√ºr Gesundheit (BMG)|||-3204481982534496036
Bundesministerium f√ºr Gesundheit (BMG)|||-3387631127066043985
Bundesministerium f√ºr Gesundheit (BMG)|||-3480935532091475608
Bundesministerium f√ºr Gesundheit (BMG)|||-3771197043686590102
Bundesministerium f√ºr Gesundheit (BMG)|||-38767789161741004
Bundesministerium f√ºr Gesundheit (BMG)|||-3978860351027354346
Bundesministerium f√ºr Gesundheit (BMG)|||-4215458646449176592
Bundesministerium f√ºr Gesundheit (BMG)|||-4381240924980786100
Bundesministerium f√ºr Gesundheit (BMG)|||-4536199439860550263
Bundesministerium f√ºr Gesundheit (BMG)|||-5268972523865690736
Bundesministerium f√ºr Gesundheit (BMG)|||-5268972523865690736
Bundesministerium f√ºr Gesundheit (BMG)|||-5334198797405403354
Bundesministerium f√ºr Gesundheit (BMG)|||-5358425113068715408
Bundesministerium f√ºr Gesundheit (BMG)|||-5362941415129101894
Bundesministerium f√ºr Gesundheit (BMG)|||-5438844718665975876
Bundesministerium f√ºr Gesundheit (BMG)|||-5447433310196499384
Bundesministerium f√ºr Gesundheit (BMG)|||-5455115969784509686
Bundesministerium f√ºr Gesundheit (BMG)|||-55418781939681994
Bundesministerium f√ºr Gesundheit (BMG)|||-55418781939681994
Bundesministerium f√ºr Gesundheit (BMG)|||-5769614004563207332
Bundesministerium f√ºr Gesundheit (BMG)|||-5926565210417810423
Bundesministerium f√ºr Gesundheit (BMG)|||-61481368230394644
Bundesministerium f√ºr Gesundheit (BMG)|||-6275085809998709679
Bundesministerium f√ºr Gesundheit (BMG)|||-6473703456184290859
Bundesministerium f√ºr Gesundheit (BMG)|||-6486625986987109106
Bundesministerium f√ºr Gesundheit (BMG)|||-6501358490016472135
Bundesministerium f√ºr Gesundheit (BMG)|||-6505835963623780079
Bundesministerium f√ºr Gesundheit (BMG)|||-6593197388024890162
Bundesministerium f√ºr Gesundheit (BMG)|||-6790686855426457496
Bundesministerium f√ºr Gesundheit (BMG)|||-6977321033954586173
Bundesministerium f√ºr Gesundheit (BMG)|||-6987293916038562119
Bundesministerium f√ºr Gesundheit (BMG)|||-6993488688211174095
Bundesministerium f√ºr Gesundheit (BMG)|||-7004708270391704499
Bundesministerium f√ºr Gesundheit (BMG)|||-7153915691267331796
Bundesministerium f√ºr Gesundheit (BMG)|||-7214503930067926209
Bundesministerium f√ºr Gesundheit (BMG)|||-7666440145894549480
Bundesministerium f√ºr Gesundheit (BMG)|||-7696214394650196222
Bundesministerium f√ºr Gesundheit (BMG)|||-7773748512801122972
Bundesministerium f√ºr Gesundheit (BMG)|||-7810614108273526062
Bundesministerium f√ºr Gesundheit (BMG)|||-7834335306783822720
Bundesministerium f√ºr Gesundheit (BMG)|||-7930175981488680833
Bundesministerium f√ºr Gesundheit (BMG)|||-7930422554282131055
Bundesministerium f√ºr Gesundheit (BMG)|||-8149512821433100527
Bundesministerium f√ºr Gesundheit (BMG)|||-8166127303512677480
Bundesministerium f√ºr Gesundheit (BMG)|||-8240612937469131121
Bundesministerium f√ºr Gesundheit (BMG)|||-8435628683944376330
Bundesministerium f√ºr Gesundheit (BMG)|||-8481999508541379162
Bundesministerium f√ºr Gesundheit (BMG)|||-8499600180529003573
Bundesministerium f√ºr Gesundheit (BMG)|||-8696391532337516048
Bundesministerium f√ºr Gesundheit (BMG)|||-871515388138332069
Bundesministerium f√ºr Gesundheit (BMG)|||-8873035078287951717
Bundesministerium f√ºr Gesundheit (BMG)|||-8918194905569935796
Bundesministerium f√ºr Gesundheit (BMG)|||-8918194905569935796
Bundesministerium f√ºr Gesundheit (BMG)|||-988591546203025850
Bundesministerium f√ºr Gesundheit (BMG)|||1048746232616562769
Bundesministerium f√ºr Gesundheit (BMG)|||1201242363547164393
Bundesministerium f√ºr Gesundheit (BMG)|||1229332937645609294
Bundesministerium f√ºr Gesundheit (BMG)|||1401074758885047615
Bundesministerium f√ºr Gesundheit (BMG)|||1552741395100938946
Bundesministerium f√ºr Gesundheit (BMG)|||155935378830342031
Bundesministerium f√ºr Gesundheit (BMG)|||1799694745775446864
Bundesministerium f√ºr Gesundheit (BMG)|||1810708980627612528
Bundesministerium f√ºr Gesundheit (BMG)|||1923949496153488426
Bundesministerium f√ºr Gesundheit (BMG)|||1994536525577855715
Bundesministerium f√ºr Gesundheit (BMG)|||2286518624358518820
Bundesministerium f√ºr Gesundheit (BMG)|||2908968987602819991
Bundesministerium f√ºr Gesundheit (BMG)|||2935866259917379420
Bundesministerium f√ºr Gesundheit (BMG)|||300640980995412720
Bundesministerium f√ºr Gesundheit (BMG)|||3473054252025478544
Bundesministerium f√ºr Gesundheit (BMG)|||3703725902143041096
Bundesministerium f√ºr Gesundheit (BMG)|||3865175985071740046
Bundesministerium f√ºr Gesundheit (BMG)|||3880121174014462159
Bundesministerium f√ºr Gesundheit (BMG)|||3938958347783744466
Bundesministerium f√ºr Gesundheit (BMG)|||4681149852511797487
Bundesministerium f√ºr Gesundheit (BMG)|||4995794521736181234
Bundesministerium f√ºr Gesundheit (BMG)|||5034512824753206609
Bundesministerium f√ºr Gesundheit (BMG)|||5114046779043050154
Bundesministerium f√ºr Gesundheit (BMG)|||5155097571855749663
Bundesministerium f√ºr Gesundheit (BMG)|||5172212759498148614
Bundesministerium f√ºr Gesundheit (BMG)|||5253743129721774631
Bundesministerium f√ºr Gesundheit (BMG)|||5253743129721774631
Bundesministerium f√ºr Gesundheit (BMG)|||5306704714176938361
Bundesministerium f√ºr Gesundheit (BMG)|||5556642008772815488
Bundesministerium f√ºr Gesundheit (BMG)|||5730302857737138166
Bundesministerium f√ºr Gesundheit (BMG)|||573407706668505036
Bundesministerium f√ºr Gesundheit (BMG)|||6066200043349491774
Bundesministerium f√ºr Gesundheit (BMG)|||6068288611036328905
Bundesministerium f√ºr Gesundheit (BMG)|||6125931317889386088
Bundesministerium f√ºr Gesundheit (BMG)|||6125931317889386088
Bundesministerium f√ºr Gesundheit (BMG)|||6144300608177143108
Bundesministerium f√ºr Gesundheit (BMG)|||6334283979294016144
Bundesministerium f√ºr Gesundheit (BMG)|||6439603621567821001
Bundesministerium f√ºr Gesundheit (BMG)|||6569774853237125426
Bundesministerium f√ºr Gesundheit (BMG)|||65784319237314050
Bundesministerium f√ºr Gesundheit (BMG)|||6622425085581692213
Bundesministerium f√ºr Gesundheit (BMG)|||6622425085581692213
Bundesministerium f√ºr Gesundheit (BMG)|||6684397979719020501
Bundesministerium f√ºr Gesundheit (BMG)|||6842051131700963546
Bundesministerium f√ºr Gesundheit (BMG)|||6862975585112330813
Bundesministerium f√ºr Gesundheit (BMG)|||6984986580265376002
Bundesministerium f√ºr Gesundheit (BMG)|||6992873995200658042
Bundesministerium f√ºr Gesundheit (BMG)|||7049037117147178354
Bundesministerium f√ºr Gesundheit (BMG)|||7084947544550463648
Bundesministerium f√ºr Gesundheit (BMG)|||7337493097165980494
Bundesministerium f√ºr Gesundheit (BMG)|||7526007199360878833
Bundesministerium f√ºr Gesundheit (BMG)|||7562100229024210013
Bundesministerium f√ºr Gesundheit (BMG)|||7598376185350786838
Bundesministerium f√ºr Gesundheit (BMG)|||7645692282971767517
Bundesministerium f√ºr Gesundheit (BMG)|||7911702983683211220
Bundesministerium f√ºr Gesundheit (BMG)|||821192596371730801
Bundesministerium f√ºr Gesundheit (BMG)|||822794624642523215
Bundesministerium f√ºr Gesundheit (BMG)|||8479220565104634502
Bundesministerium f√ºr Gesundheit (BMG)|||8495544091785806337
Bundesministerium f√ºr Gesundheit (BMG)|||8618619357952445002
Bundesministerium f√ºr Gesundheit (BMG)|||8624979931032979924
Bundesministerium f√ºr Gesundheit (BMG)|||8906282043291739833
Bundesministerium f√ºr Gesundheit (BMG)|||9196140309598407451
Bundesministerium f√ºr Gesundheit (BMG)|||964468094275276744
Bundesministerium f√ºr Wirtschaft und Energie|||-1108785723733334733
Bundesministerium f√ºr Wirtschaft und Energie|||-1529213766999748938
Bundesministerium f√ºr Wirtschaft und Energie|||-187099033582972640
Bundesministerium f√ºr Wirtschaft und Energie|||-2828958847637040053
Bundesministerium f√ºr Wirtschaft und Energie|||-2831261040279290463
Bundesministerium f√ºr Wirtschaft und Energie|||-2838497078212888725
Bundesministerium f√ºr Wirtschaft und Energie|||-295518886543925292
Bundesministerium f√ºr Wirtschaft und Energie|||-3070636107499704373
Bundesministerium f√ºr Wirtschaft und Energie|||-3169417763131217501
Bundesministerium f√ºr Wirtschaft und Energie|||-4391949865741893804
Bundesministerium f√ºr Wirtschaft und Energie|||-6238338141436577181
Bundesministerium f√ºr Wirtschaft und Energie|||-6513469765859649300
Bundesministerium f√ºr Wirtschaft und Energie|||-736010402710889953
Bundesministerium f√ºr Wirtschaft und Energie|||-7761590494773396883
Bundesministerium f√ºr Wirtschaft und Energie|||-7761859062993226599
Bundesministerium f√ºr Wirtschaft und Energie|||-8115146569753365888
Bundesministerium f√ºr Wirtschaft und Energie|||-8217038428146393559
Bundesministerium f√ºr Wirtschaft und Energie|||-8606767068151310736
Bundesministerium f√ºr Wirtschaft und Energie|||-8791870416359694662
Bundesministerium f√ºr Wirtschaft und Energie|||15854201520471656
Bundesministerium f√ºr Wirtschaft und Energie|||1949728314085076312
Bundesministerium f√ºr Wirtschaft und Energie|||2190935246894053920
Bundesministerium f√ºr Wirtschaft und Energie|||2669768056605492534
Bundesministerium f√ºr Wirtschaft und Energie|||274221953193462731
Bundesministerium f√ºr Wirtschaft und Energie|||2858426520731435997
Bundesministerium f√ºr Wirtschaft und Energie|||2972811191274764018
Bundesministerium f√ºr Wirtschaft und Energie|||3553704879696342153
Bundesministerium f√ºr Wirtschaft und Energie|||3601944484320950002
Bundesministerium f√ºr Wirtschaft und Energie|||4098531607507737528
Bundesministerium f√ºr Wirtschaft und Energie|||4203561886789834660
Bundesministerium f√ºr Wirtschaft und Energie|||4438263428365061745
Bundesministerium f√ºr Wirtschaft und Energie|||455438641831700733
Bundesministerium f√ºr Wirtschaft und Energie|||4863253639937806198
Bundesministerium f√ºr Wirtschaft und Energie|||591716719894453855
Bundesministerium f√ºr Wirtschaft und Energie|||6255640147133991944
Bundesministerium f√ºr Wirtschaft und Energie|||7254124003647057242
Bundesministerium f√ºr Wirtschaft und Energie|||7874447993929968377
Bundesministerium f√ºr Wirtschaft und Energie|||8532088117788300726
Bundesministerium f√ºr Wirtschaft und Energie|||8686429433247467127
Bundesministerium f√ºr Wirtschaft und Energie|||8895690059209996016
Center for Disease Control and Prevention (CDC)|||-1271843337907637208
Cleveland Clinic|||-3323577877966776712
Cleveland Clinic|||-4907288576650173235
Cleveland Clinic|||-6360484053485896615
Cleveland Clinic|||-6466721220839959934
Cleveland Clinic|||-6521852294671001597
Cleveland Clinic|||-6689037138784590095
Cleveland Clinic|||-8747757433189666029
Cleveland Clinic|||-962314159532690317
Cleveland Clinic|||1378904110360330994
Cleveland Clinic|||4011886964708844061
Cleveland Clinic|||6275860986899121784
Cleveland Clinic|||7413172756804481772
Cleveland Clinic|||7825724114182728522
Cleveland Clinic|||8318565216954677648
CNN|||-1770265398961520613
CNN|||-5565120734489435344
CNN|||-7944012247651480933
CNN|||2181328300075730917
CNN|||6798915470106363626
FDA|||-1977637586319095300
FDA|||-2107809373563583012
FDA|||-8286869681769381655
FDA|||1243482094796103259
FDA|||5008964175347830458
FDA|||5775968252568720285
FDA|||7031987147843695769
FDA|||8757142620216999867
FHM, Folkh√§lsomyndigheten|||-1366163828304359395
FHM, Folkh√§lsomyndigheten|||-1405323050632092944
FHM, Folkh√§lsomyndigheten|||-1552614156051626937
FHM, Folkh√§lsomyndigheten|||-1838618952754010827
FHM, Folkh√§lsomyndigheten|||-1865660690898246829
FHM, Folkh√§lsomyndigheten|||-1915325969986355019
FHM, Folkh√§lsomyndigheten|||-2273859997612835661
FHM, Folkh√§lsomyndigheten|||-2328134355335188248
FHM, Folkh√§lsomyndigheten|||-3072029854752731238
FHM, Folkh√§lsomyndigheten|||-3228637539968051355
FHM, Folkh√§lsomyndigheten|||-3317506431288953540
FHM, Folkh√§lsomyndigheten|||-3362870189691079422
FHM, Folkh√§lsomyndigheten|||-3394082655855750304
FHM, Folkh√§lsomyndigheten|||-3874928306513703949
FHM, Folkh√§lsomyndigheten|||-4122176092109718672
FHM, Folkh√§lsomyndigheten|||-4163592028277303401
FHM, Folkh√§lsomyndigheten|||-4459199910983879120
FHM, Folkh√§lsomyndigheten|||-4623998746821958981
FHM, Folkh√§lsomyndigheten|||-4728479492228597948
FHM, Folkh√§lsomyndigheten|||-4831477006238392069
FHM, Folkh√§lsomyndigheten|||-4929890338844544306
FHM, Folkh√§lsomyndigheten|||-5529688279932422373
FHM, Folkh√§lsomyndigheten|||-5562337123409799476
FHM, Folkh√§lsomyndigheten|||-5682664197932210382
FHM, Folkh√§lsomyndigheten|||-5861932538720181908
FHM, Folkh√§lsomyndigheten|||-6247119476937119697
FHM, Folkh√§lsomyndigheten|||-6347671897026612290
FHM, Folkh√§lsomyndigheten|||-6559491343295512602
FHM, Folkh√§lsomyndigheten|||-6862616699776992915
FHM, Folkh√§lsomyndigheten|||-7538544356113783248
FHM, Folkh√§lsomyndigheten|||-7767248891643406139
FHM, Folkh√§lsomyndigheten|||-7789772341901835866
FHM, Folkh√§lsomyndigheten|||-7943498006864096548
FHM, Folkh√§lsomyndigheten|||-796192509131407307
FHM, Folkh√§lsomyndigheten|||-7962149228955238678
FHM, Folkh√§lsomyndigheten|||-8227627381944113187
FHM, Folkh√§lsomyndigheten|||-8361871637808403147
FHM, Folkh√§lsomyndigheten|||-8548414674033800737
FHM, Folkh√§lsomyndigheten|||-854932805364296359
FHM, Folkh√§lsomyndigheten|||-8948323781739398530
FHM, Folkh√§lsomyndigheten|||-8983412833415710242
FHM, Folkh√§lsomyndigheten|||1159429431341208632
FHM, Folkh√§lsomyndigheten|||1524398102152718082
FHM, Folkh√§lsomyndigheten|||1575311946230821790
FHM, Folkh√§lsomyndigheten|||160225837943784822
FHM, Folkh√§lsomyndigheten|||1677173237072932544
FHM, Folkh√§lsomyndigheten|||1709785452323249764
FHM, Folkh√§lsomyndigheten|||1898095459339554936
FHM, Folkh√§lsomyndigheten|||2027063143481220056
FHM, Folkh√§lsomyndigheten|||2070699373795443690
FHM, Folkh√§lsomyndigheten|||2225137919810246326
FHM, Folkh√§lsomyndigheten|||235518359250972361
FHM, Folkh√§lsomyndigheten|||2377535273150409008
FHM, Folkh√§lsomyndigheten|||248141411924642502
FHM, Folkh√§lsomyndigheten|||2809506750466751280
FHM, Folkh√§lsomyndigheten|||2848034491286821056
FHM, Folkh√§lsomyndigheten|||3048235812448565945
FHM, Folkh√§lsomyndigheten|||309156055237807239
FHM, Folkh√§lsomyndigheten|||3105167243000261954
FHM, Folkh√§lsomyndigheten|||4061122532936819059
FHM, Folkh√§lsomyndigheten|||4534393595231740330
FHM, Folkh√§lsomyndigheten|||463543479120316340
FHM, Folkh√§lsomyndigheten|||5182964444706273612
FHM, Folkh√§lsomyndigheten|||5526694539368187298
FHM, Folkh√§lsomyndigheten|||5588162551479907996
FHM, Folkh√§lsomyndigheten|||5632724018546643865
FHM, Folkh√§lsomyndigheten|||570853404006922507
FHM, Folkh√§lsomyndigheten|||5717382400603982191
FHM, Folkh√§lsomyndigheten|||6125103480161731284
FHM, Folkh√§lsomyndigheten|||6165783351160162331
FHM, Folkh√§lsomyndigheten|||6177101149672405339
FHM, Folkh√§lsomyndigheten|||618069146710292410
FHM, Folkh√§lsomyndigheten|||6209630725287715732
FHM, Folkh√§lsomyndigheten|||6604888517548689735
FHM, Folkh√§lsomyndigheten|||6799728833118370688
FHM, Folkh√§lsomyndigheten|||7017165225383236327
FHM, Folkh√§lsomyndigheten|||7020976929576886644
FHM, Folkh√§lsomyndigheten|||7091168835855345256
FHM, Folkh√§lsomyndigheten|||713112475874095268
FHM, Folkh√§lsomyndigheten|||7536090979786714431
FHM, Folkh√§lsomyndigheten|||7579257048398247149
FHM, Folkh√§lsomyndigheten|||7632022869436903654
FHM, Folkh√§lsomyndigheten|||7878549611269135329
FHM, Folkh√§lsomyndigheten|||789514944373701118
FHM, Folkh√§lsomyndigheten|||8011108218597522026
FHM, Folkh√§lsomyndigheten|||86045655455511721
FHM, Folkh√§lsomyndigheten|||8648354874732487227
FHM, Folkh√§lsomyndigheten|||8807301014968503408
FHM, Folkh√§lsomyndigheten|||8964079271219296265
FHM, Folkh√§lsomyndigheten|||9032824289567954353
FHM, Folkh√§lsomyndigheten|||903765496032768743
FloridaGov|||-4064162011540446366
FloridaGov|||-6746400937934240412
FloridaGov|||1675712689413899833
FloridaGov|||7920670179156164435
FloridaGov|||8877946944439837586
GOV Polska|||-1026141441363258965
GOV Polska|||-1193391689585992547
GOV Polska|||-1562312542684557114
GOV Polska|||-1938752107803654416
GOV Polska|||-1969215529269436363
GOV Polska|||-1971704133398810437
GOV Polska|||-1997651049650496605
GOV Polska|||-2076672946546374819
GOV Polska|||-2139412548597452106
GOV Polska|||-226839576391112510
GOV Polska|||-2308576399917321370
GOV Polska|||-2350851975568831166
GOV Polska|||-2517918465662381025
GOV Polska|||-2553021860429957838
GOV Polska|||-2553021860429957838
GOV Polska|||-2566211744497470767
GOV Polska|||-2750097730042008759
GOV Polska|||-2783716176606400237
GOV Polska|||-3083778877424766541
GOV Polska|||-3122610258783908102
GOV Polska|||-3226546470687870358
GOV Polska|||-3261709235257455768
GOV Polska|||-3397450318079041721
GOV Polska|||-3520223407602019781
GOV Polska|||-3562342122824762152
GOV Polska|||-3682426004863128
GOV Polska|||-3788869654009738426
GOV Polska|||-3908442378433864230
GOV Polska|||-4021396243635355552
GOV Polska|||-4030152924477644018
GOV Polska|||-4158124432561636305
GOV Polska|||-4228559906244223294
GOV Polska|||-425213877851924865
GOV Polska|||-4274466785492035982
GOV Polska|||-4372759261260690265
GOV Polska|||-4402123259756409661
GOV Polska|||-4672933210119132437
GOV Polska|||-4989701744196743508
GOV Polska|||-5032462463422077931
GOV Polska|||-5198522785395455408
GOV Polska|||-5229666510778151103
GOV Polska|||-5398434903837457885
GOV Polska|||-5423044653713990739
GOV Polska|||-5468023252905818653
GOV Polska|||-5510944369404710102
GOV Polska|||-5524984717169133357
GOV Polska|||-5527897942100422027
GOV Polska|||-5629775731518415004
GOV Polska|||-5706848947448552846
GOV Polska|||-5775019422872877641
GOV Polska|||-602096546185311729
GOV Polska|||-6066792863618675983
GOV Polska|||-6076947900974791220
GOV Polska|||-6322709353593181759
GOV Polska|||-6412861025363263813
GOV Polska|||-6462670429841721468
GOV Polska|||-6827352053960803595
GOV Polska|||-7229307043172760211
GOV Polska|||-7317433313690717107
GOV Polska|||-7684196602791264613
GOV Polska|||-7768899347532355302
GOV Polska|||-7815854303798470529
GOV Polska|||-7830881374655269719
GOV Polska|||-7991871998962065493
GOV Polska|||-8008611826263189
GOV Polska|||-8028005072418462687
GOV Polska|||-8064282873010741662
GOV Polska|||-8235271303538230953
GOV Polska|||-8256649980612369126
GOV Polska|||-8321800113984184326
GOV Polska|||-8355988611804120265
GOV Polska|||-8376520012813153291
GOV Polska|||-838074561572390340
GOV Polska|||-8415299296138707444
GOV Polska|||-8553783716041257656
GOV Polska|||-8695044011950973311
GOV Polska|||-8747456137347001588
GOV Polska|||-8760603061007151373
GOV Polska|||-8762798229345982534
GOV Polska|||-9075834319820833012
GOV Polska|||-9134131559568504457
GOV Polska|||-9188017282002630146
GOV Polska|||-982291871552391414
GOV Polska|||-989163485040454556
GOV Polska|||-989590895388024
GOV Polska|||1023847531142520111
GOV Polska|||1110456555108808432
GOV Polska|||1180476304391899378
GOV Polska|||1189917515322151630
GOV Polska|||1228300611566342683
GOV Polska|||1295626756841689059
GOV Polska|||1432746138472609600
GOV Polska|||1519369520818963645
GOV Polska|||1683135651025975980
GOV Polska|||1818386228564984294
GOV Polska|||1838479601561188566
GOV Polska|||19125633645943569
GOV Polska|||1936894877639875868
GOV Polska|||2024380039521796512
GOV Polska|||2032185693828182638
GOV Polska|||2044234986237462250
GOV Polska|||2189714846532347257
GOV Polska|||2259691634802710695
GOV Polska|||2401974152225234859
GOV Polska|||240542857678800463
GOV Polska|||2535570994088647702
GOV Polska|||2596935715031055832
GOV Polska|||2596935715031055832
GOV Polska|||2642897881712835725
GOV Polska|||2697059439311261426
GOV Polska|||2741450647274538099
GOV Polska|||27617969522995976
GOV Polska|||2773858702181824757
GOV Polska|||2812510602123041277
GOV Polska|||2813423924210975494
GOV Polska|||2834850250139395636
GOV Polska|||2938489488029681698
GOV Polska|||2990040664498027897
GOV Polska|||3129765530252324309
GOV Polska|||3187021562048501546
GOV Polska|||3187021562048501546
GOV Polska|||344317506510067562
GOV Polska|||3499633446157979142
GOV Polska|||3585946716926240425
GOV Polska|||3792525999816819767
GOV Polska|||3820400487005906167
GOV Polska|||3839300928143988510
GOV Polska|||3880416733542366484
GOV Polska|||3886286537502058949
GOV Polska|||3916862244359785055
GOV Polska|||4187825643832162253
GOV Polska|||4379869185033984386
GOV Polska|||4552793032607902114
GOV Polska|||4599091147777057784
GOV Polska|||4612153042340925500
GOV Polska|||4878696012428482622
GOV Polska|||4879933696958221836
GOV Polska|||5042452385818133595
GOV Polska|||5238360109124796620
GOV Polska|||5288302279773320285
GOV Polska|||5402871739276147436
GOV Polska|||543902810092550581
GOV Polska|||5458400716386559124
GOV Polska|||5467741982128382265
GOV Polska|||5493721186218055904
GOV Polska|||5531062753603843283
GOV Polska|||5564638208176315468
GOV Polska|||5662468068750165077
GOV Polska|||5816301232966510356
GOV Polska|||5890741481876450656
GOV Polska|||5920090790386787839
GOV Polska|||6169518950286396845
GOV Polska|||6277333347042129930
GOV Polska|||6424464770143519948
GOV Polska|||6566033426993526590
GOV Polska|||6720207279314849609
GOV Polska|||6955801853306173316
GOV Polska|||6976682632082905282
GOV Polska|||704569782908586531
GOV Polska|||7181677509742073521
GOV Polska|||7181677509742073521
GOV Polska|||7185640727395837537
GOV Polska|||7187954273389136767
GOV Polska|||7237903096677297538
GOV Polska|||7370822228870411040
GOV Polska|||7422651820435221773
GOV Polska|||7446178408892340963
GOV Polska|||7463719535387114653
GOV Polska|||7532044394696501102
GOV Polska|||7532044394696501102
GOV Polska|||7592210141491013799
GOV Polska|||7601101947873428137
GOV Polska|||7675862564866555471
GOV Polska|||7802185562208336367
GOV Polska|||7894773713133615547
GOV Polska|||816568332345318783
GOV Polska|||8192063634405854155
GOV Polska|||8320473152460554214
GOV Polska|||8359144862123404714
GOV Polska|||8427995318162454265
GOV Polska|||8490531284461027680
GOV Polska|||8535182464365153222
GOV Polska|||8582256829047086888
GOV Polska|||8704139487065216995
GOV Polska|||892739331263794118
GOV Polska|||906682118212856630
GOV Polska|||9214692821661641649
GOV Polska|||938611507604240502
Johns Hopkins Bloomberg School of Public Health|||-1989317147400543511
Ministero della Salute, IT|||-112404455435383798
Ministero della Salute, IT|||-1125631695721139153
Ministero della Salute, IT|||-1214620368734434819
Ministero della Salute, IT|||-1368979705542972633
Ministero della Salute, IT|||-2090710448781409878
Ministero della Salute, IT|||-2117290551898453014
Ministero della Salute, IT|||-2148147277504024434
Ministero della Salute, IT|||-2156985772093201180
Ministero della Salute, IT|||-2219233693670623281
Ministero della Salute, IT|||-2308599324615355029
Ministero della Salute, IT|||-2322696671937139535
Ministero della Salute, IT|||-2368544802996130444
Ministero della Salute, IT|||-2386327592820180070
Ministero della Salute, IT|||-2407978522032401134
Ministero della Salute, IT|||-2423937313078107819
Ministero della Salute, IT|||-2777253542688891114
Ministero della Salute, IT|||-289438634552325648
Ministero della Salute, IT|||-2993303524544603256
Ministero della Salute, IT|||-2996873551143974635
Ministero della Salute, IT|||-3011101177236516101
Ministero della Salute, IT|||-3552715608550187276
Ministero della Salute, IT|||-3604408520842968049
Ministero della Salute, IT|||-3616419570864245904
Ministero della Salute, IT|||-3864388372259065402
Ministero della Salute, IT|||-4078789084206421180
Ministero della Salute, IT|||-408068871927908012
Ministero della Salute, IT|||-4323213358445411462
Ministero della Salute, IT|||-4395081309048686394
Ministero della Salute, IT|||-4422461215033990513
Ministero della Salute, IT|||-4497194865120688993
Ministero della Salute, IT|||-4574600274510374428
Ministero della Salute, IT|||-4620952174695949104
Ministero della Salute, IT|||-4715347768526350726
Ministero della Salute, IT|||-4821550209238561128
Ministero della Salute, IT|||-4845980557198725599
Ministero della Salute, IT|||-4903753104190692330
Ministero della Salute, IT|||-5134710322316478405
Ministero della Salute, IT|||-517577777528050166
Ministero della Salute, IT|||-5477174672342979458
Ministero della Salute, IT|||-5646064655791432244
Ministero della Salute, IT|||-569984698317492757
Ministero della Salute, IT|||-5726325691116669400
Ministero della Salute, IT|||-5816028688330594371
Ministero della Salute, IT|||-6104863370659150186
Ministero della Salute, IT|||-639905941810565191
Ministero della Salute, IT|||-6451755994087578240
Ministero della Salute, IT|||-6459013929115801595
Ministero della Salute, IT|||-6461526036694313227
Ministero della Salute, IT|||-6604646045849265717
Ministero della Salute, IT|||-6650441109924855424
Ministero della Salute, IT|||-6738145633784143808
Ministero della Salute, IT|||-6749735656580094619
Ministero della Salute, IT|||-6758738177785329988
Ministero della Salute, IT|||-6895116446416776081
Ministero della Salute, IT|||-7055788199042722742
Ministero della Salute, IT|||-72454282782620141
Ministero della Salute, IT|||-7333300802322946730
Ministero della Salute, IT|||-7481950378578095209
Ministero della Salute, IT|||-7744214717535502590
Ministero della Salute, IT|||-7967267994983961099
Ministero della Salute, IT|||-79747979710245155
Ministero della Salute, IT|||-8017470929056573217
Ministero della Salute, IT|||-8260580467082290549
Ministero della Salute, IT|||-8321136514742046253
Ministero della Salute, IT|||-8504667040566199172
Ministero della Salute, IT|||-8685766956983167500
Ministero della Salute, IT|||-8751112688717294228
Ministero della Salute, IT|||-937590606368831128
Ministero della Salute, IT|||1256340482228776138
Ministero della Salute, IT|||1292648419262161415
Ministero della Salute, IT|||1402969938991702571
Ministero della Salute, IT|||1437573835674358130
Ministero della Salute, IT|||1461101889196556190
Ministero della Salute, IT|||1476214827169092548
Ministero della Salute, IT|||1649192853354002887
Ministero della Salute, IT|||1817816506155298097
Ministero della Salute, IT|||1994875503767556440
Ministero della Salute, IT|||2013486024572644258
Ministero della Salute, IT|||2243963555137476142
Ministero della Salute, IT|||2326995804738356944
Ministero della Salute, IT|||2416803800977753583
Ministero della Salute, IT|||269162557096672800
Ministero della Salute, IT|||3106115353990491127
Ministero della Salute, IT|||3281451106801185537
Ministero della Salute, IT|||3569860180855708635
Ministero della Salute, IT|||3674305093352499393
Ministero della Salute, IT|||3705083753150072405
Ministero della Salute, IT|||3739719632495170382
Ministero della Salute, IT|||3773975617108747555
Ministero della Salute, IT|||3779676036720379925
Ministero della Salute, IT|||3996171357706588748
Ministero della Salute, IT|||3996615385480175929
Ministero della Salute, IT|||4341359080704698369
Ministero della Salute, IT|||4619799136289541952
Ministero della Salute, IT|||4759955816288272158
Ministero della Salute, IT|||4950748482563965280
Ministero della Salute, IT|||5001876476769609811
Ministero della Salute, IT|||5010375514170335473
Ministero della Salute, IT|||5720387511493719879
Ministero della Salute, IT|||5902956741321813377
Ministero della Salute, IT|||5907287677404181373
Ministero della Salute, IT|||5968101961318375334
Ministero della Salute, IT|||6024636815771609747
Ministero della Salute, IT|||6142919650783126904
Ministero della Salute, IT|||6235706305607833065
Ministero della Salute, IT|||6495713714536194361
Ministero della Salute, IT|||6776964387018324348
Ministero della Salute, IT|||7007905644303236282
Ministero della Salute, IT|||7020336858994577964
Ministero della Salute, IT|||7111230231815578570
Ministero della Salute, IT|||7176959772178238720
Ministero della Salute, IT|||7273250870219617297
Ministero della Salute, IT|||7312530687500504108
Ministero della Salute, IT|||7504169371603092000
Ministero della Salute, IT|||8042002479431429059
Ministero della Salute, IT|||8088883341184740362
Ministero della Salute, IT|||8147213941913281201
Ministero della Salute, IT|||8880747078869527720
Ministero della Salute, IT|||8925460146229335323
Ministero della Salute, IT|||8934329806935455743
Ministero della Salute, IT|||9168342585026317101
National Foundation for Infectious Diseases|||-438527570074109310
NYTimes|||-1073780517601014449
NYTimes|||-1833073227160532151
NYTimes|||-2862881783551445438
NYTimes|||-3137346531617899451
NYTimes|||-5408357450635596136
NYTimes|||-7180240276037781337
NYTimes|||-8017583771956946132
NYTimes|||-8465676481321484238
NYTimes|||2142258706508714
NYTimes|||2465773329370385260
NYTimes|||291289472019017908
NYTimes|||3673222306173363955
NYTimes|||4141018238306365214
NYTimes|||4360502943834453472
NYTimes|||4582831196839471527
NYTimes|||4969184404093356646
NYTimes|||5712171877386249707
NYTimes|||6520834293479419352
NYTimes|||6869086494050729310
NYTimes|||7210375130335049301
NYTimes|||8494092570012680834
NYTimes|||9058694579210438062
Presse- und Informationsamt der Bundesregierung|||-3252818374093531708
Presse- und Informationsamt der Bundesregierung|||-3443615074376476189
Presse- und Informationsamt der Bundesregierung|||-3953815151743245399
Presse- und Informationsamt der Bundesregierung|||-4935671632690542211
Presse- und Informationsamt der Bundesregierung|||-5503135142092288872
Presse- und Informationsamt der Bundesregierung|||-5606161701957935362
Presse- und Informationsamt der Bundesregierung|||-6324849594263325509
Presse- und Informationsamt der Bundesregierung|||-6552090692533863025
Presse- und Informationsamt der Bundesregierung|||-858549165293069542
Presse- und Informationsamt der Bundesregierung|||1931597672168793004
Presse- und Informationsamt der Bundesregierung|||4235748802745785403
Presse- und Informationsamt der Bundesregierung|||4764035652549203413
Presse- und Informationsamt der Bundesregierung|||4923624579798909880
Presse- und Informationsamt der Bundesregierung|||7794468473658714224
Presse- und Informationsamt der Bundesregierung|||7903261857842957324
Public Health Agency of Canada|||-2493362343203896353
Public Health Agency of Canada|||-278362091545527068
Public Health Agency of Canada|||-4246963277707115480
Public Health Agency of Canada|||-4369079358012611896
Public Health Agency of Canada|||-5782713982310472091
Public Health Agency of Canada|||325604600930045038
Public Health Agency of Canada|||3477391662598783242
Public Health Agency of Canada|||4263107712588054336
Public Health Agency of Canada|||4733806184583639731
Public Health Agency of Canada|||4788005472264234448
Public Health Agency of Canada|||5002463251360762583
Public Health Agency of Canada|||5540467660600997911
Public Health Agency of Canada|||6247988008408650358
Public Health Agency of Canada|||7472132591578925152
Public Health Agency of Canada|||7570587347528040120
Public Health Agency of Canada|||7621775656528224174
Robert Koch Institute (RKI)|||-1968640355203571294
Robert Koch Institute (RKI)|||-3771197043686590102
Robert Koch Institute (RKI)|||-3898140016467484736
Robert Koch Institute (RKI)|||-4189445547592320848